Cardinals, /assets/nfl-team-logos/cardinals.gif
Falcons, /assets/nfl-team-logos/falcons.gif
Ravens, /assets/nfl-team-logos/ravens.gif
Bills, /assets/nfl-team-logos/bills.gif
Panthers, /assets/nfl-team-logos/panthers.gif
Bears, /assets/nfl-team-logos/bears.gif
Bengals, /assets/nfl-team-logos/bengals.gif
Browns, /assets/nfl-team-logos/browns.gif
Cowboys, /assets/nfl-team-logos/cowboys.gif
Broncos, /assets/nfl-team-logos/broncos.gif
Lions, /assets/nfl-team-logos/lions.gif
Packers, /assets/nfl-team-logos/packers.gif
Texans, /assets/nfl-team-logos/texans.gif
Colts, /assets/nfl-team-logos/colts.gif
Jaguars, /assets/nfl-team-logos/jaguars.gif
Chiefs, /assets/nfl-team-logos/chiefs.gif
Dolphins, /assets/nfl-team-logos/dolphins.gif
Vikings, /assets/nfl-team-logos/vikings.gif
Patriots, /assets/nfl-team-logos/patriots.gif
Saints, /assets/nfl-team-logos/saints.gif
Giants, /assets/nfl-team-logos/giants.gif
Jets, /assets/nfl-team-logos/jets.gif
Raiders, /assets/nfl-team-logos/raiders.gif
Eagles, /assets/nfl-team-logos/eagles.gif
Steelers, /assets/nfl-team-logos/steelers.gif
Chargers, /assets/nfl-team-logos/chargers.gif
49ers, /assets/nfl-team-logos/49ers.gif
Seahawks, /assets/nfl-team-logos/seahawks.gif
Rams, /assets/nfl-team-logos/rams.gif
Buccaneers, /assets/nfl-team-logos/buccaneers.gif
Titans, /assets/nfl-team-logos/titans.gif
Redskins, /assets/nfl-team-logos/redskins.gif